호선,역명,엘리베이터(E/V),에스컬레이터(E/S),휠체어리프트(W/L),수평자동보도(M/W),역명_정규화,호선_정규화,자치구,월간총이용객수,EV1대당_이용객수
1호선,서울역(1),4,5,0,0,서울역,1호선,중구,4716236,1179059.0
1호선,시청(1),3,3,0,0,시청,1호선,중구,1560287,520095.6666666667
1호선,종각,4,2,0,0,종각,1호선,종로구,2243917,560979.25
1호선,종로3가(1),3,4,0,0,종로3가,1호선,종로구,1361475,453825.0
1호선,종로5가,3,0,0,0,종로5가,1호선,종로구,1354961,451653.6666666667
1호선,동대문(1),3,1,0,0,동대문,1호선,종로구,799460,266486.6666666667
1호선,동묘앞(1),7,12,0,0,동묘앞,1호선,종로구,647518,92502.57142857143
1호선,신설동(1),5,0,4,0,신설동,1호선,동대문구,816990,163398.0
1호선,제기동,3,2,0,0,제기동,1호선,동대문구,905714,301904.6666666667
1호선,청량리(1),2,6,0,0,청량리,1호선,동대문구,1383364,691682.0
2호선,시청(2),2,4,0,0,시청,2호선,중구,1494136,747068.0
2호선,을지로입구,4,6,0,0,을지로입구,2호선,중구,3165649,791412.25
2호선,을지로3가(2),2,0,0,0,을지로3가,2호선,중구,1509378,754689.0
2호선,을지로4가(2),3,2,0,0,을지로4가,2호선,중구,868712,289570.6666666667
2호선,동대문역사문화공원(2),3,2,0,0,동대문역사문화공원,2호선,중구,1049525,349841.6666666667
2호선,신당(2),3,2,0,0,신당,2호선,중구,895754,298584.6666666667
2호선,상왕십리,3,8,0,0,상왕십리,2호선,성동구,814423,271474.3333333333
2호선,왕십리(2),2,8,0,0,왕십리,2호선,성동구,899179,449589.5
2호선,한양대,2,2,0,0,한양대,2호선,성동구,497964,248982.0
2호선,뚝섬,4,8,0,0,뚝섬,2호선,성동구,1434522,358630.5
2호선,성수,4,8,0,0,성수,2호선,성동구,3678833,919708.25
2호선,용답,2,0,0,0,용답,2호선,성동구,164591,82295.5
2호선,신답,2,0,0,0,신답,2호선,성동구,102629,51314.5
2호선,용두,4,12,0,0,용두,2호선,동대문구,126539,31634.75
2호선,신설동(2),3,0,5,0,신설동,2호선,동대문구,231808,77269.33333333333
2호선,건대입구(2),2,2,0,0,건대입구,2호선,광진구,2237898,1118949.0
2호선,구의,2,8,0,0,구의,2호선,광진구,1672206,836103.0
2호선,강변,2,2,0,0,강변,2호선,광진구,1595793,797896.5
2호선,잠실나루,2,4,0,0,잠실나루,2호선,송파구,852178,426089.0
2호선,잠실(2),4,8,1,0,잠실,2호선,송파구,4887970,1221992.5
2호선,잠실새내,4,11,0,0,잠실새내,2호선,송파구,1364346,341086.5
2호선,종합운동장(2),3,5,0,0,종합운동장,2호선,송파구,924301,308100.3333333333
2호선,삼성,5,4,1,0,삼성,2호선,강남구,3027226,605445.2
2호선,선릉(2),3,2,0,0,선릉,2호선,강남구,2908295,969431.6666666666
2호선,역삼,4,14,0,0,역삼,2호선,강남구,2796172,699043.0
2호선,강남(2),4,0,0,0,강남,2호선,강남구,4599121,1149780.25
2호선,교대(2),3,4,0,0,교대,2호선,서초구,1776437,592145.6666666666
2호선,서초,4,8,0,0,서초,2호선,서초구,1208933,302233.25
2호선,방배,3,2,0,0,방배,2호선,서초구,862197,287399.0
2호선,사당(2),3,14,0,0,사당,2호선,동작구,2503378,834459.3333333334
2호선,낙성대,3,8,0,0,낙성대,2호선,관악구,1579644,526548.0
2호선,서울대입구,3,8,0,0,서울대입구,2호선,관악구,2598345,866115.0
2호선,봉천,2,8,0,0,봉천,2호선,관악구,1352529,676264.5
2호선,신림,3,8,0,0,신림,2호선,관악구,3216394,1072131.3333333333
2호선,신대방,3,8,0,0,신대방,2호선,동작구,1387062,462354.0
2호선,구로디지털단지,4,4,0,0,구로디지털단지,2호선,구로구,3136350,784087.5
2호선,대림(2),4,6,0,0,대림,2호선,구로구,1392367,348091.75
2호선,신도림(2),4,9,0,0,신도림,2호선,구로구,2721352,680338.0
2호선,도림천,2,0,0,0,도림천,2호선,구로구,75136,37568.0
2호선,양천구청,3,2,0,0,양천구청,2호선,양천구,374185,124728.33333333333
2호선,신정네거리,3,4,1,0,신정네거리,2호선,양천구,540709,180236.33333333334
2호선,문래,4,4,0,0,문래,2호선,영등포구,1280672,320168.0
2호선,영등포구청(2),4,4,0,0,영등포구청,2호선,영등포구,1279943,319985.75
2호선,당산(2),4,1,0,0,당산,2호선,영등포구,1085643,271410.75
2호선,합정(2),4,4,0,0,합정,2호선,마포구,1973384,493346.0
2호선,홍대입구(2),2,8,0,0,홍대입구,2호선,마포구,4747973,2373986.5
2호선,신촌,4,4,0,0,신촌,2호선,마포구,2258307,564576.75
2호선,이대,3,4,0,0,이대,2호선,마포구,937322,312440.6666666667
2호선,아현,4,2,0,0,아현,2호선,마포구,599281,149820.25
2호선,충정로(2),2,4,0,0,충정로,2호선,서대문구,574876,287438.0
3호선,지축,1,0,0,0,지축,3호선,덕양구,423874,423874.0
3호선,구파발,2,4,0,0,구파발,3호선,은평구,1290680,645340.0
3호선,연신내(3),1,4,0,0,연신내,3호선,은평구,2107615,2107615.0
3호선,불광(3),4,2,0,0,불광,3호선,은평구,971571,242892.75
3호선,녹번,3,2,0,0,녹번,3호선,은평구,780887,260295.66666666666
3호선,홍제,3,0,0,0,홍제,3호선,서대문구,994418,331472.6666666667
3호선,무악재,3,0,0,0,무악재,3호선,서대문구,235421,78473.66666666667
3호선,독립문,2,8,0,0,독립문,3호선,서대문구,482294,241147.0
3호선,경복궁,2,10,0,0,경복궁,3호선,종로구,1433018,716509.0
3호선,안국,2,10,0,0,안국,3호선,종로구,1533821,766910.5
3호선,종로3가(3),2,6,0,2,종로3가,3호선,종로구,667983,333991.5
3호선,을지로3가(3),2,2,0,0,을지로3가,3호선,중구,743220,371610.0
3호선,동대입구,4,4,0,0,동대입구,3호선,중구,583616,145904.0
3호선,약수(3),2,2,0,0,약수,3호선,중구,709591,354795.5
3호선,금호,3,6,0,0,금호,3호선,성동구,433710,144570.0
3호선,옥수(3),3,4,0,0,옥수,3호선,성동구,526820,175606.66666666666
3호선,압구정,4,9,0,0,압구정,3호선,강남구,1800103,450025.75
3호선,신사,4,6,0,0,신사,3호선,강남구,1514029,378507.25
3호선,잠원,3,0,0,0,잠원,3호선,서초구,403073,134357.66666666666
3호선,고속터미널(3),2,24,0,0,고속터미널,3호선,서초구,3150225,1575112.5
3호선,교대(3),2,2,1,0,교대,3호선,서초구,691552,345776.0
3호선,남부터미널,3,2,0,0,남부터미널,3호선,서초구,1792997,597665.6666666666
3호선,양재(3),5,2,0,0,양재,3호선,서초구,2028584,405716.8
3호선,매봉,3,4,0,0,매봉,3호선,강남구,683702,227900.66666666666
3호선,도곡(3),0,8,0,0,도곡,3호선,강남구,325790,
3호선,대치,2,8,0,0,대치,3호선,강남구,743043,371521.5
3호선,학여울,3,2,0,0,학여울,3호선,강남구,165647,55215.666666666664
3호선,대청,3,4,0,0,대청,3호선,강남구,570729,190243.0
3호선,일원,4,6,0,0,일원,3호선,강남구,607704,151926.0
3호선,수서(3),4,12,0,0,수서,3호선,강남구,1060803,265200.75
3호선,가락시장(3),3,22,0,0,가락시장,3호선,송파구,491645,163881.66666666666
3호선,경찰병원,4,20,0,0,경찰병원,3호선,송파구,424250,106062.5
3호선,오금(3),3,15,0,0,오금,3호선,송파구,344609,114869.66666666667
4호선,불암산,3,4,0,0,불암산,4호선,노원구,525956,175318.66666666666
4호선,상계,1,4,0,0,상계,4호선,노원구,1054180,1054180.0
4호선,노원(4),3,8,0,0,노원,4호선,노원구,1298543,432847.6666666667
4호선,창동(4),8,6,0,0,창동,4호선,도봉구,1416552,177069.0
4호선,쌍문,3,6,0,0,쌍문,4호선,도봉구,1580896,526965.3333333334
4호선,수유,3,4,0,0,수유,4호선,강북구,1944541,648180.3333333334
4호선,미아,3,6,0,0,미아,4호선,강북구,872556,290852.0
4호선,미아사거리,2,2,0,0,미아사거리,4호선,강북구,1478353,739176.5
4호선,길음,3,3,0,0,길음,4호선,성북구,1154549,384849.6666666667
4호선,성신여대입구(4),4,4,0,0,성신여대입구,4호선,성북구,1262715,315678.75
4호선,한성대입구,3,2,0,0,한성대입구,4호선,성북구,778347,259449.0
4호선,혜화,4,4,0,0,혜화,4호선,종로구,2243950,560987.5
4호선,동대문(4),2,10,0,0,동대문,4호선,종로구,1107747,553873.5
4호선,동대문역사문화공원(4),2,6,0,0,동대문역사문화공원,4호선,중구,1259300,629650.0
4호선,충무로(4),4,23,0,0,충무로,4호선,중구,1772489,443122.25
4호선,명동,2,5,0,0,명동,4호선,중구,2486841,1243420.5
4호선,회현,2,6,0,0,회현,4호선,중구,1671569,835784.5
4호선,서울역(4),2,4,0,0,서울역,4호선,중구,1062400,531200.0
4호선,숙대입구,3,0,0,0,숙대입구,4호선,용산구,854535,284845.0
4호선,삼각지(4),5,4,0,0,삼각지,4호선,용산구,439911,87982.2
4호선,신용산,4,9,0,0,신용산,4호선,용산구,1472117,368029.25
4호선,이촌(4),5,4,0,0,이촌,4호선,용산구,776966,155393.2
4호선,동작(4),2,0,0,0,동작,4호선,동작구,102157,51078.5
4호선,총신대입구(4),4,4,0,0,총신대입구,4호선,동작구,1131956,282989.0
4호선,사당(4),2,7,1,0,사당,4호선,동작구,1381303,690651.5
4호선,남태령,3,2,0,0,남태령,4호선,서초구,75050,25016.666666666668
5호선,방화,3,6,0,0,방화,5호선,강서구,402924,134308.0
5호선,개화산,2,0,0,0,개화산,5호선,강서구,332583,166291.5
5호선,김포공항,2,8,0,0,김포공항,5호선,강서구,726919,363459.5
5호선,송정,4,4,0,0,송정,5호선,강서구,353717,88429.25
5호선,마곡,6,14,0,0,마곡,5호선,강서구,945499,157583.16666666666
5호선,발산,3,0,0,0,발산,5호선,강서구,1352523,450841.0
5호선,우장산,3,4,0,0,우장산,5호선,강서구,847886,282628.6666666667
5호선,화곡,2,4,0,0,화곡,5호선,강서구,1556287,778143.5
5호선,까치산,2,12,3,0,까치산,5호선,강서구,1529929,764964.5
5호선,신정,2,10,0,0,신정,5호선,양천구,698346,349173.0
5호선,목동,3,4,0,0,목동,5호선,양천구,942843,314281.0
5호선,오목교,3,10,0,0,오목교,5호선,양천구,1255445,418481.6666666667
5호선,양평,3,8,0,0,양평,5호선,영등포구,461280,153760.0
5호선,영등포구청(5),4,14,1,0,영등포구청,5호선,영등포구,275742,68935.5
5호선,영등포시장,3,8,0,0,영등포시장,5호선,영등포구,638896,212965.33333333334
5호선,신길,6,9,0,0,신길,5호선,영등포구,300741,50123.5
5호선,여의도,2,4,0,0,여의도,5호선,영등포구,1654042,827021.0
5호선,여의나루,3,11,0,0,여의나루,5호선,영등포구,911873,303957.6666666667
5호선,마포,2,10,0,0,마포,5호선,마포구,824554,412277.0
5호선,공덕(5),2,11,0,0,공덕,5호선,마포구,799363,399681.5
5호선,애오개,5,6,0,0,애오개,5호선,마포구,357629,71525.8
5호선,충정로(5),2,4,0,0,충정로,5호선,서대문구,270145,135072.5
5호선,서대문,3,10,0,0,서대문,5호선,종로구,981681,327227.0
5호선,광화문,2,4,0,0,광화문,5호선,종로구,1952540,976270.0
5호선,종로3가(5),2,10,0,0,종로3가,5호선,종로구,904763,452381.5
5호선,을지로4가(5),1,11,0,0,을지로4가,5호선,중구,381521,381521.0
5호선,동대문역사문화공원(5),2,5,0,0,동대문역사문화공원,5호선,중구,198400,99200.0
5호선,신금호,3,12,0,0,신금호,5호선,성동구,357788,119262.66666666667
5호선,행당,3,8,0,0,행당,5호선,성동구,424887,141629.0
5호선,왕십리(5),3,8,0,0,왕십리,5호선,성동구,304002,101334.0
5호선,마장,3,4,0,0,마장,5호선,성동구,324680,108226.66666666667
5호선,답십리,4,4,1,0,답십리,5호선,성동구,848163,212040.75
5호선,장한평,3,4,1,0,장한평,5호선,동대문구,1108950,369650.0
5호선,군자(5),3,8,0,0,군자,5호선,광진구,734516,244838.66666666666
5호선,아차산,3,8,0,0,아차산,5호선,광진구,815134,271711.3333333333
5호선,광나루,4,4,1,0,광나루,5호선,광진구,608339,152084.75
5호선,천호(5),4,16,0,0,천호,5호선,강동구,1221386,305346.5
5호선,강동,3,10,0,0,강동,5호선,강동구,1052234,350744.6666666667
5호선,길동,3,3,0,0,길동,5호선,강동구,534753,178251.0
5호선,굽은다리,3,4,0,0,굽은다리,5호선,강동구,588753,196251.0
5호선,명일,3,2,0,0,명일,5호선,강동구,456889,152296.33333333334
5호선,고덕,4,6,0,0,고덕,5호선,강동구,571244,142811.0
5호선,상일동,6,16,2,0,상일동,5호선,강동구,783819,130636.5
5(연)호선,강일,8,16,0,0,강일,5호선,강동구,326366,40795.75
5(연)호선,미사,4,22,0,0,미사,5호선,하남시,1039856,259964.0
5(연)호선,하남풍산,5,24,0,0,하남풍산,5호선,하남시,263447,52689.4
5(연)호선,하남시청,4,28,0,0,하남시청,5호선,하남시,479230,119807.5
5(연)호선,하남검단산,4,20,0,0,하남검단산,5호선,하남시,385263,96315.75
5호선,둔촌동,3,3,0,0,둔촌동,5호선,강동구,762143,254047.66666666666
5호선,올림픽공원,3,4,0,0,올림픽공원,5호선,송파구,315934,105311.33333333333
5호선,방이,4,2,0,0,방이,5호선,송파구,444085,111021.25
5호선,오금(5),5,7,0,0,오금,5호선,송파구,206669,41333.8
5호선,개롱,3,2,0,0,개롱,5호선,송파구,364480,121493.33333333333
5호선,거여,3,3,0,0,거여,5호선,송파구,551249,183749.66666666666
5호선,마천,3,10,0,0,마천,5호선,송파구,377442,125814.0
6호선,역촌,2,6,0,0,역촌,6호선,은평구,253207,126603.5
6호선,불광(6),3,12,2,0,불광,6호선,은평구,285359,95119.66666666667
6호선,독바위,2,8,0,0,독바위,6호선,은평구,153446,76723.0
6호선,연신내(6),2,6,0,0,연신내,6호선,은평구,73,36.5
6호선,구산,2,4,0,0,구산,6호선,은평구,412547,206273.5
6호선,응암,2,4,0,0,응암,6호선,은평구,996455,498227.5
6호선,새절,3,4,0,0,새절,6호선,은평구,684793,228264.33333333334
6호선,증산,3,6,0,0,증산,6호선,은평구,510842,170280.66666666666
6호선,디지털미디어시티(6),3,8,2,0,디지털미디어시티,6호선,은평구,814306,271435.3333333333
6호선,월드컵경기장,3,12,0,0,월드컵경기장,6호선,마포구,351905,117301.66666666667
6호선,마포구청,4,12,0,0,마포구청,6호선,마포구,794896,198724.0
6호선,망원,2,2,0,0,망원,6호선,마포구,988865,494432.5
6호선,합정(6),3,12,0,0,합정,6호선,마포구,805745,268581.6666666667
6호선,상수,3,10,0,0,상수,6호선,마포구,644390,214796.66666666666
6호선,광흥창,3,9,0,0,광흥창,6호선,마포구,524739,174913.0
6호선,대흥,3,6,1,0,대흥,6호선,마포구,532169,177389.66666666666
6호선,공덕(6),5,6,0,0,공덕,6호선,마포구,1051349,210269.8
6호선,효창공원앞(6),2,6,0,0,효창공원앞,6호선,용산구,393364,196682.0
6호선,삼각지(6),5,4,0,8,삼각지,6호선,용산구,419976,83995.2
6호선,녹사평,3,13,0,0,녹사평,6호선,용산구,314008,104669.33333333333
6호선,이태원,2,4,0,0,이태원,6호선,용산구,757390,378695.0
6호선,한강진,3,4,0,0,한강진,6호선,용산구,617348,205782.66666666666
6호선,버티고개,5,4,0,0,버티고개,6호선,중구,120867,24173.4
6호선,약수(6),4,11,0,0,약수,6호선,중구,209576,52394.0
6호선,청구(6),5,10,0,0,청구,6호선,중구,211894,42378.8
6호선,신당(6),1,14,5,2,신당,6호선,중구,502291,502291.0
6호선,동묘앞(6),2,12,2,0,동묘앞,6호선,종로구,621914,310957.0
6호선,창신,3,3,0,0,창신,6호선,종로구,176263,58754.333333333336
6호선,보문(6),1,2,0,0,보문,6호선,성북구,436789,436789.0
6호선,안암,3,6,0,0,안암,6호선,성북구,632676,210892.0
6호선,고려대,4,12,0,0,고려대,6호선,성북구,447319,111829.75
6호선,월곡,3,12,1,0,월곡,6호선,성북구,614450,204816.66666666666
6호선,상월곡,3,6,2,0,상월곡,6호선,성북구,340642,113547.33333333333
6호선,돌곶이,3,4,0,0,돌곶이,6호선,성북구,664701,221567.0
6호선,석계(6),4,14,2,2,석계,6호선,노원구,556574,139143.5
6호선,태릉입구(6),4,16,0,0,태릉입구,6호선,노원구,334419,83604.75
6호선,화랑대,5,4,0,0,화랑대,6호선,노원구,546226,109245.2
6호선,봉화산,4,4,0,0,봉화산,6호선,중랑구,449322,112330.5
6호선,신내,1,2,0,0,신내,6호선,중랑구,35,35.0
7호선,장암,2,0,0,0,장암,7호선,의정부시,114909,57454.5
7호선,도봉산,5,0,0,0,도봉산,7호선,도봉구,529953,105990.6
7호선,수락산,3,7,0,0,수락산,7호선,노원구,736971,245657.0
7호선,마들,4,8,1,0,마들,7호선,노원구,730547,182636.75
7호선,노원(7),4,15,0,0,노원,7호선,노원구,1234622,308655.5
7호선,중계,3,10,0,0,중계,7호선,노원구,773413,257804.33333333334
7호선,하계,3,6,0,0,하계,7호선,노원구,941339,313779.6666666667
7호선,공릉,3,8,0,0,공릉,7호선,노원구,670978,223659.33333333334
7호선,태릉입구(7),2,8,0,0,태릉입구,7호선,노원구,461466,230733.0
7호선,먹골,3,6,0,0,먹골,7호선,중랑구,587250,195750.0
7호선,중화,3,6,0,0,중화,7호선,중랑구,620198,206732.66666666666
7호선,상봉(7),5,6,0,0,상봉,7호선,중랑구,1038855,207771.0
7호선,면목,3,6,0,0,면목,7호선,중랑구,798877,266292.3333333333
7호선,사가정,3,10,0,0,사가정,7호선,중랑구,894120,298040.0
7호선,용마산,3,8,0,0,용마산,7호선,중랑구,314201,104733.66666666667
7호선,중곡,3,4,0,0,중곡,7호선,광진구,598007,199335.66666666666
7호선,군자(7),1,6,0,0,군자,7호선,광진구,807933,807933.0
7호선,어린이대공원,4,6,0,0,어린이대공원,7호선,광진구,783702,195925.5
7호선,건대입구(7),2,11,3,0,건대입구,7호선,광진구,827157,413578.5
7호선,자양,3,4,0,0,자양,7호선,광진구,612545,204181.66666666666
7호선,청담,4,16,2,0,청담,7호선,강남구,1040343,260085.75
7호선,강남구청(7),2,7,0,0,강남구청,7호선,강남구,939235,469617.5
7호선,학동,3,10,0,0,학동,7호선,강남구,1217031,405677.0
7호선,논현,3,19,0,0,논현,7호선,강남구,1045637,348545.6666666667
7호선,반포,4,6,1,0,반포,7호선,서초구,382794,95698.5
7호선,고속터미널(7),2,21,4,0,고속터미널,7호선,서초구,984127,492063.5
7호선,내방,5,10,0,0,내방,7호선,서초구,821300,164260.0
7호선,이수(7),3,23,2,2,이수,7호선,동작구,963767,321255.6666666667
7호선,남성,4,14,0,0,남성,7호선,동작구,613283,153320.75
7호선,숭실대입구,4,12,0,0,숭실대입구,7호선,동작구,672613,168153.25
7호선,상도,3,11,0,0,상도,7호선,동작구,634749,211583.0
7호선,장승배기,3,14,0,0,장승배기,7호선,동작구,552706,184235.33333333334
7호선,신대방삼거리,4,12,0,0,신대방삼거리,7호선,동작구,839695,209923.75
7호선,보라매,2,4,0,0,보라매,7호선,동작구,377654,188827.0
7호선,신풍,4,4,0,0,신풍,7호선,영등포구,654360,163590.0
7호선,대림(7),3,13,1,0,대림,7호선,구로구,562518,187506.0
7호선,남구로,3,12,11,0,남구로,7호선,구로구,858389,286129.6666666667
7호선,가산디지털단지(7),4,16,3,0,가산디지털단지,7호선,금천구,2228814,557203.5
7호선,철산,4,6,0,0,철산,7호선,광명시,1259599,314899.75
7호선,광명사거리,3,2,0,0,광명사거리,7호선,광명시,1281693,427231.0
7호선,천왕,4,6,0,0,천왕,7호선,구로구,645074,161268.5
7호선,온수(7),3,16,1,2,온수,7호선,구로구,499679,166559.66666666666
8(연)호선,암사역사공원,4,12,0,0,암사역사공원,8호선,강동구,376147,94036.75
8호선,암사,3,4,0,0,암사,8호선,강동구,878918,292972.6666666667
8호선,천호(8),2,0,0,0,천호,8호선,강동구,1137180,568590.0
8호선,강동구청,3,5,0,0,강동구청,8호선,강동구,596862,198954.0
8호선,몽촌토성,4,8,0,0,몽촌토성,8호선,송파구,489884,122471.0
8호선,잠실(8),3,5,0,0,잠실,8호선,송파구,1347318,449106.0
8호선,석촌,3,0,0,0,석촌,8호선,송파구,556205,185401.66666666666
8호선,송파,4,4,0,0,송파,8호선,송파구,559437,139859.25
8호선,가락시장(8),6,12,0,0,가락시장,8호선,송파구,493059,82176.5
8호선,문정,4,8,0,0,문정,8호선,송파구,1236343,309085.75
8호선,장지,4,8,0,0,장지,8호선,송파구,959533,239883.25
8호선,복정(8),2,5,1,0,복정,8호선,송파구,470663,235331.5
8호선,남위례,3,7,0,0,남위례,8호선,수정구,440609,146869.66666666666
8호선,산성,4,13,0,0,산성,8호선,수정구,350669,87667.25
8호선,남한산성입구,2,4,0,0,남한산성입구,8호선,수정구,619565,309782.5
8호선,단대오거리,3,6,0,0,단대오거리,8호선,수정구,643075,214358.33333333334
8호선,신흥,2,0,0,0,신흥,8호선,수정구,331010,165505.0
8호선,수진,3,0,0,0,수진,8호선,수정구,312066,104022.0
8호선,모란(8),3,2,0,0,모란,8호선,수정구,269623,89874.33333333333
